{
  "results": {
    "marc_ja-1.1-0.2": {
      "acc": 0.8010258224266006,
      "acc_stderr": 0.005309848434768115,
      "acc_norm": 0.8010258224266006,
      "acc_norm_stderr": 0.005309848434768115
    },
    "jnli-1.1-0.2": {
      "acc": 0.4231717337715694,
      "acc_stderr": 0.010016374130527417,
      "acc_norm": 0.3972884141331142,
      "acc_norm_stderr": 0.009920570907906705
    },
    "jcommonsenseqa-1.1-0.2": {
      "acc": 0.40125111706881145,
      "acc_stderr": 0.014659176826256958,
      "acc_norm": 0.29222520107238603,
      "acc_norm_stderr": 0.01360145843919522
    },
    "jaqket_v2-0.2-0.2": {
      "exact_match": 20.481927710843372,
      "f1": 25.567909611584305
    },
    "jsquad-1.1-0.2": {
      "exact_match": 28.725799189554255,
      "f1": 39.80333448254385
    },
    "xlsum_ja": {
      "rouge2": 3.2159206636353894
    }
  },
  "versions": {
    "marc_ja-1.1-0.2": 1.1,
    "jaqket_v2-0.2-0.2": 0.2,
    "jsquad-1.1-0.2": 1.1,
    "jnli-1.1-0.2": 1.1,
    "xlsum_ja": 1.0,
    "jcommonsenseqa-1.1-0.2": 1.1
  },
  "config": {
    "model": "hf-causal",
    "model_args": "pretrained=cyberagent/open-calm-medium,use_fast=True",
    "num_fewshot": [
      1,
      2,
      3,
      3,
      3,
      1
    ],
    "batch_size": null,
    "device": "cuda",
    "no_cache": false,
    "limit": null,
    "bootstrap_iters": 100000,
    "description_dict": {}
  }
}