{
  "results": {
    "xlsum_ja-1.0-0.4": {
      "rouge2": 6.205765156746651
    },
    "jsquad-1.1-0.4": {
      "exact_match": 50.562809545249884,
      "f1": 62.640375100683315
    },
    "jnli-1.1-0.4": {
      "acc": 0.5414954806902219,
      "acc_stderr": 0.010101786233828501,
      "acc_norm": 0.5316351684470009,
      "acc_norm_stderr": 0.010116445249958434
    },
    "marc_ja-1.1-0.4": {
      "acc": 0.9013088079235939,
      "acc_stderr": 0.003966765361568662,
      "acc_norm": 0.9013088079235939,
      "acc_norm_stderr": 0.003966765361568662
    },
    "jcommonsenseqa-1.1-0.4": {
      "acc": 0.44146559428060766,
      "acc_stderr": 0.014850890462784903,
      "acc_norm": 0.4262734584450402,
      "acc_norm_stderr": 0.014790256821397247
    }
  },
  "versions": {
    "xlsum_ja-1.0-0.4": 1.0,
    "jnli-1.1-0.4": 1.1,
    "marc_ja-1.1-0.4": 1.1,
    "jcommonsenseqa-1.1-0.4": 1.1,
    "jsquad-1.1-0.4": 1.1
  },
  "config": {
    "model": "hf-causal",
    "model_args": "pretrained=rinna/japanese-gpt-neox-3.6b-instruction-ppo,use_fast=False,device_map=auto,torch_dtype=auto",
    "num_fewshot": [
      2,
      3,
      3,
      3,
      1
    ],
    "batch_size": null,
    "device": "cuda",
    "no_cache": false,
    "limit": null,
    "bootstrap_iters": 100000,
    "description_dict": {}
  }
}