{
  "results": {
    "jcommonsenseqa-1.1-0.2": {
      "acc": 0.2725647899910634,
      "acc_stderr": 0.013317145164050314,
      "acc_norm": 0.25915996425379806,
      "acc_norm_stderr": 0.013104645463373902
    },
    "jnli-1.1-0.2": {
      "acc": 0.3808545603944125,
      "acc_stderr": 0.009844753917927898,
      "acc_norm": 0.36113393590797044,
      "acc_norm_stderr": 0.00973796043878971
    },
    "marc_ja-1.1-0.2": {
      "acc": 0.8434736469755925,
      "acc_stderr": 0.004832701818807143,
      "acc_norm": 0.8434736469755925,
      "acc_norm_stderr": 0.004832701818807143
    },
    "jsquad-1.1-0.2": {
      "exact_match": 37.12291760468258,
      "f1": 47.16735348285718
    },
    "jaqket_v2-0.2-0.2": {
      "exact_match": 29.718875502008032,
      "f1": 34.94287394889802
    },
    "xlsum_ja": {
      "rouge2": 2.677405923001433
    }
  },
  "versions": {
    "jcommonsenseqa-1.1-0.2": 1.1,
    "jnli-1.1-0.2": 1.1,
    "jsquad-1.1-0.2": 1.1,
    "jaqket_v2-0.2-0.2": 0.2,
    "xlsum_ja": 1.0,
    "marc_ja-1.1-0.2": 1.1
  },
  "config": {
    "model": "hf-causal",
    "model_args": "pretrained=cyberagent/open-calm-1b",
    "num_fewshot": [
      1,
      2,
      3,
      3,
      3,
      1
    ],
    "batch_size": null,
    "device": "cuda",
    "no_cache": false,
    "limit": null,
    "bootstrap_iters": 100000,
    "description_dict": {}
  }
}