{
  "results": {
    "arc_challenge": {
      "acc": 0.47013651877133106,
      "acc_stderr": 0.014585305840007104,
      "acc_norm": 0.4863481228668942,
      "acc_norm_stderr": 0.014605943429860947
    },
    "arc_easy": {
      "acc": 0.7807239057239057,
      "acc_stderr": 0.008490095498938949,
      "acc_norm": 0.7609427609427609,
      "acc_norm_stderr": 0.00875175472358042
    },
    "boolq": {
      "acc": 0.7470948012232416,
      "acc_stderr": 0.007602549829229588
    },
    "hellaswag": {
      "acc": 0.578868751244772,
      "acc_stderr": 0.004927314729433553,
      "acc_norm": 0.7695678151762597,
      "acc_norm_stderr": 0.0042024884976481726
    },
    "lambada_openai": {
      "ppl": 3.5245301882212927,
      "ppl_stderr": 0.06987333485569067,
      "acc": 0.7279254803027363,
      "acc_stderr": 0.006200111064998442
    },
    "openbookqa": {
      "acc": 0.332,
      "acc_stderr": 0.021081766571222856,
      "acc_norm": 0.452,
      "acc_norm_stderr": 0.02227969410784342
    },
    "piqa": {
      "acc": 0.8019586507072906,
      "acc_stderr": 0.009298209954776726,
      "acc_norm": 0.8068552774755169,
      "acc_norm_stderr": 0.009210530962579799
    },
    "sciq": {
      "acc": 0.947,
      "acc_stderr": 0.007088105617246447,
      "acc_norm": 0.911,
      "acc_norm_stderr": 0.009008893392651523
    },
    "siqa": {
      "acc": 0.42221084953940635,
      "acc_stderr": 0.01117630549151396,
      "acc_norm": 0.44575230296827023,
      "acc_norm_stderr": 0.011247283050579053
    },
    "truthfulqa_mc": {
      "mc1": 0.24357405140758873,
      "mc1_stderr": 0.015026354824910782,
      "mc2": 0.3567731724207877,
      "mc2_stderr": 0.013549087793148987
    },
    "winogrande": {
      "acc": 0.6866614048934491,
      "acc_stderr": 0.013036512096747986
    }
  },
  "versions": {
    "arc_challenge": 0,
    "arc_easy": 0,
    "boolq": 1,
    "hellaswag": 0,
    "lambada_openai": 0,
    "openbookqa": 0,
    "piqa": 0,
    "sciq": 0,
    "siqa": 0,
    "truthfulqa_mc": 1,
    "winogrande": 0
  },
  "config": {
    "model": "gpt2",
    "model_args": "pretrained=allenai/OLMoE-1B-7B-0924,dtype=auto,trust_remote_code=True,low_cpu_mem_usage=True,use_fast=True,add_special_tokens=False",
    "num_fewshot": 0,
    "batch_size": "8",
    "batch_sizes": [],
    "device": "cuda",
    "no_cache": true,
    "limit": null,
    "bootstrap_iters": 100000,
    "description_dict": {}
  }
}