{
  "results": {
    "jsquad-1.1-0.2": {
      "exact_match": 33.40837460603332,
      "f1": 44.33260446272521
    },
    "jaqket_v2-0.2-0.2": {
      "exact_match": 32.178714859437754,
      "f1": 37.376696540853125
    },
    "xlsum_ja": {
      "rouge2": 3.562973991392969
    },
    "marc_ja-1.1-0.2": {
      "acc": 0.7771489211177928,
      "acc_stderr": 0.005535030291340955,
      "acc_norm": 0.7771489211177928,
      "acc_norm_stderr": 0.005535030291340955
    },
    "jcommonsenseqa-1.1-0.2": {
      "acc": 0.28239499553172476,
      "acc_stderr": 0.01346326287548261,
      "acc_norm": 0.26899016979445933,
      "acc_norm_stderr": 0.013261996572328063
    },
    "jnli-1.1-0.2": {
      "acc": 0.41002465078060807,
      "acc_stderr": 0.009971278864412706,
      "acc_norm": 0.3475760065735415,
      "acc_norm_stderr": 0.009654255810362845
    }
  },
  "versions": {
    "jsquad-1.1-0.2": 1.1,
    "marc_ja-1.1-0.2": 1.1,
    "jcommonsenseqa-1.1-0.2": 1.1,
    "jaqket_v2-0.2-0.2": 0.2,
    "xlsum_ja": 1.0,
    "jnli-1.1-0.2": 1.1
  },
  "config": {
    "model": "hf-causal",
    "model_args": "pretrained=cyberagent/open-calm-large,use_fast=True",
    "num_fewshot": [
      1,
      2,
      3,
      3,
      3,
      1
    ],
    "batch_size": null,
    "device": "cuda",
    "no_cache": false,
    "limit": null,
    "bootstrap_iters": 100000,
    "description_dict": {}
  }
}